TermID,Name,Frequency,Value,Uniqueness,Dispensability,Representative
GO:0006355,regulation of DNA-templated transcription,9.928869561442353,-5.168130225719498,0.2068205146578159,-0.0,regulation of DNA-templated transcription
GO:0006468,protein phosphorylation,4.356287697349047,-3.540607512240769,0.9971615105483612,0.00794441,protein phosphorylation
GO:0008037,cell recognition,0.0869389386089896,-4.036212172654444,0.9975392195954044,0.0,cell recognition
GO:0048544,recognition of pollen,0.0610972582256339,-4.036212172654444,0.9975875286785594,0.00559822,recognition of pollen
GO:0098542,defense response to other organism,0.6625130060206728,-3.285670240254767,1.0,-0.0,defense response to other organism
